Title,Media URL,Pinterest board,Thumbnail,Description,Link,Publish date,Keywords
"WK WU-09 Cinsuy 65W Type-C Single Port GaN Charger, EU Plug","https://luxtronics.luxtronics.in/wp-content/uploads/2026/06/EDA009507601A.jpg","GaN Chargers","","1. Material: PC 2. Output Interface: Type-C 3. Input: 110-240V, 50/60Hz, 1.8A (Max) 4. Output: 5V 3A/9V 3A/12V 3A/15V 3A/20V 3.25A 5. Maximum 65W output...","https://luxtronics.in/product/mobile-accessories-wk-wu-09-cinsuy-65w-181529","","wk wu-09 cinsuy 65w type-c single port gan charger, eu plug, eda0095076, mobile accessories, mobile-accessories, luxtronics, online shopping"
"P3 148W USB-A and USB-C / Type-C Quad-Port AI Smart Display GaN Fast","https://luxtronics.luxtronics.in/wp-content/uploads/2026/06/EDA009066001A.jpg","GaN Chargers","","1. 148W Ultra-High Power: Gallium nitride technology, it offers higher energy density, with a single port output of up to 140W, providing fast charging...","https://luxtronics.in/product/mobile-accessories-p3-148w-usb-type-181420","","p3 148w usb-a and usb-c / type-c quad-port ai smart display gan fast, eda0090660, mobile accessories, mobile-accessories, luxtronics, online shopping"
"Havit UC250 35W 3 in 1 GaN Travel Charger with Type-C Retractable","https://luxtronics.luxtronics.in/wp-content/uploads/2026/06/EDA008946501A.jpg","GaN Chargers","","1. Material: ABS+PC 2. Input: 110-240V, 50/60Hz, 1A 3. Type-C Output: 5V/3A, 9V/3A, 12V/2.92A, 15V/2.33A, 20V/1.75A 4. Type-C Output: 5V/3A, 9V/2A,...","https://luxtronics.in/product/mobile-accessories-havit-uc250-35w-in-gan-181371","","havit uc250 35w 3 in 1 gan travel charger with type-c retractable, eda0089465, mobile accessories, mobile-accessories, luxtronics, online shopping"
"USAMS T70 CC330 40W Dual USB-A and Dual USB-C / Type-C 4-Port GaN Fast","https://luxtronics.luxtronics.in/wp-content/uploads/2026/06/EDA008969801A.jpg","GaN Chargers","","1. Supports simultaneous charging of four devices, adapting to various charging power levels for fast charging without waiting. 2. Utilizes GaN charging...","https://luxtronics.in/product/mobile-accessories-usams-t70-cc330-40w-dual-181385","","usams t70 cc330 40w dual usb-a and dual usb-c / type-c 4-port gan fast, eda0089698, mobile accessories, mobile-accessories, luxtronics, online shopping"
"USAMS CC331 T70 40W Dual USB-A and Dual USB-C / Type-C 4-Port GaN Fast","https://luxtronics.luxtronics.in/wp-content/uploads/2026/06/EDA008983601A.jpg","GaN Chargers","","1. Supports simultaneous charging of four devices, adapting to various charging power levels for fast charging without waiting. 2. Utilizes GaN charging...","https://luxtronics.in/product/mobile-accessories-usams-cc331-t70-40w-dual-181398","","usams cc331 t70 40w dual usb-a and dual usb-c / type-c 4-port gan fast, eda0089836, mobile accessories, mobile-accessories, luxtronics, online shopping"
"USAMS CC332 T70 40W Dual USB-A and Dual USB-C / Type-C 4-Port GaN Fast","https://luxtronics.luxtronics.in/wp-content/uploads/2026/06/EDA008983801A.jpg","GaN Chargers","","1. Supports simultaneous charging of four devices, adapting to various charging power levels for fast charging without waiting. 2. Utilizes GaN charging...","https://luxtronics.in/product/mobile-accessories-usams-cc332-t70-40w-dual-181411","","usams cc332 t70 40w dual usb-a and dual usb-c / type-c 4-port gan fast, eda0089838, mobile accessories, mobile-accessories, luxtronics, online shopping"
"REMAX CA09 PD30W Type-C GaN Fast Charger, EU Plug","https://luxtronics.luxtronics.in/wp-content/uploads/2026/06/EDA008306001A.jpg","GaN Chargers","","1. Gallium nitride technology, low temperature fast charging. 2. Intelligent identification type, automatic adjustment of charging current. 3. Type-C...","https://luxtronics.in/product/mobile-accessories-remax-ca09-pd30w-type-gan-181340","","remax ca09 pd30w type-c gan fast charger, eu plug, eda0083060, mobile accessories, mobile-accessories, luxtronics, online shopping"
"65W GAN PD + QC3.0 Fast Charger Phone Notebook Computer Universal","https://luxtronics.luxtronics.in/wp-content/uploads/2026/06/TBD0603826601.jpg","GaN Chargers","","1. Dual port fast charging, support charging two devices at the same time 2. Supports fast charging protocols for most cell phones 3. 65W high power,...","https://luxtronics.in/product/mobile-accessories-65w-gan-pd-qc3-fast-181132","","65w gan pd + qc3.0 fast charger phone notebook computer universal, tbd06038266, mobile accessories, mobile-accessories, luxtronics, online shopping"
"65W GaN Mobile Phone Charger PD Fast Charge Computer Adapter, Black EU","https://luxtronics.luxtronics.in/wp-content/uploads/2026/06/TBD0603826401.jpg","GaN Chargers","","1. Material: PC+ABS fireproof material 2. Input voltage: 100-240V 50/60HZ 0.5A 3. Input plug: American/European/UK/Korean/Australian 4. Voltage and...","https://luxtronics.in/product/mobile-accessories-65w-gan-mobile-phone-charger-181160","","65w gan mobile phone charger pd fast charge computer adapter, black eu, tbd06038264, mobile accessories, mobile-accessories, luxtronics, online shopping"
"Havit UC252 65W 3 in 1 GaN Travel Charger with Type-C Retractable","https://luxtronics.luxtronics.in/wp-content/uploads/2026/05/EDA008947301A.jpg","GaN Chargers","","1. Material: ABS+PC 2. Input: 110-240V, 50/60Hz, 1.5A 3. Type-C Output: 5V/3A, 9V/3A, 12V/3A, 15V/3A, 20V/3.25A 4. Type-C Output: 5V/3A, 9V/3A, 12V/3A,...","https://luxtronics.in/product/chargers-cables-havit-uc252-65w-in-gan-56263","","havit uc252 65w 3 in 1 gan travel charger with type-c retractable, eda0089473-1, chargers & cables, chargers-cables, luxtronics, online shopping"
"Havit UC253 65W 3 in 1 GaN Travel Charger with Type-C Retractable","https://luxtronics.luxtronics.in/wp-content/uploads/2026/05/EDA008947601A.jpg","GaN Chargers","","1. Material: ABS+PC 2. Input: 110-240V, 50/60Hz, 1.5A 3. Type-C Output: 5V/3A, 9V/3A, 12V/3A, 15V/3A, 20V/3.25A 4. Type-C Output: 5V/3A, 9V/3A, 12V/3A,...","https://luxtronics.in/product/chargers-cables-havit-uc253-65w-in-gan-56283","","havit uc253 65w 3 in 1 gan travel charger with type-c retractable, eda0089476, chargers & cables, chargers-cables, luxtronics, online shopping"
"TE-PD46 GaN 100W PD 45W Fully Compatible Charger with Type-C to Type-C SYA0031903","https://luxtronics.luxtronics.in/wp-content/uploads/2026/05/SYA003190301A.jpg","GaN Chargers","","1. Input: AC110-240V 1.0A. 2. Total power: 100W [actual 45W]. 3. Output: 5V-15V/3A, 20V/2.25A [45W max]. 4. Supporting protocols: Supports fast charging...","https://luxtronics.in/product/smartphones-te-pd46-gan-100w-pd-56034","","te-pd46 gan 100w pd 45w fully compatible charger with type-c to type-c, sya0031903, smartphones, luxtronics, online shopping"
"TE-PD46 GaN 100W PD 45W Fully Compatible Charger with Type-C to Type-C SYA0031902","https://luxtronics.luxtronics.in/wp-content/uploads/2026/05/SYA003190201A.jpg","GaN Chargers","","1. Input: AC110-240V 1.0A. 2. Total power: 100W [actual 45W]. 3. Output: 5V-15V/3A, 20V/2.25A [45W max]. 4. Supporting protocols: Supports fast charging...","https://luxtronics.in/product/smartphones-te-pd46-gan-100w-pd-56046","","te-pd46 gan 100w pd 45w fully compatible charger with type-c to type-c, sya0031902, smartphones, luxtronics, online shopping"
"TE-PD46 GaN 100W PD 45W Fully Compatible Charger with Type-C to Type-C SYA0031901","https://luxtronics.luxtronics.in/wp-content/uploads/2026/05/SYA003190101A.jpg","GaN Chargers","","1. Input: AC110-240V 1.0A. 2. Total power: 100W [actual 45W]. 3. Output: 5V-15V/3A, 20V/2.25A [45W max]. 4. Supporting protocols: Supports fast charging...","https://luxtronics.in/product/smartphones-te-pd46-gan-100w-pd-56059","","te-pd46 gan 100w pd 45w fully compatible charger with type-c to type-c, sya0031901, smartphones, luxtronics, online shopping"
"TE-PD46 GaN 100W PD 45W Fully Compatible Protocol Charger UK Plug","https://luxtronics.luxtronics.in/wp-content/uploads/2026/05/SYA003188701A.jpg","GaN Chargers","","1. Input: AC110-240V 1.0A. 2. Total power: 100W [actual 45W]. 3. Output: 5V-15V/3A, 20V/2.25A [45W max]. 4. Supporting protocols: Supports fast charging...","https://luxtronics.in/product/smartphones-te-pd46-gan-100w-pd-56070","","te-pd46 gan 100w pd 45w fully compatible protocol charger uk plug, sya0031887, smartphones, luxtronics, online shopping"
"TE-PD46 GaN 100W PD 45W Fully Compatible Protocol Charger EU Plug","https://luxtronics.luxtronics.in/wp-content/uploads/2026/05/SYA003188401A.jpg","GaN Chargers","","1. Input: AC110-240V 1.0A. 2. Total power: 100W [actual 45W]. 3. Output: 5V-15V/3A, 20V/2.25A [45W max]. 4. Supporting protocols: Supports fast charging...","https://luxtronics.in/product/smartphones-te-pd46-gan-100w-pd-56082","","te-pd46 gan 100w pd 45w fully compatible protocol charger eu plug, sya0031884, smartphones, luxtronics, online shopping"
"TE-PD46 GaN 100W PD 45W Fully Compatible Protocol Charger US Plug","https://luxtronics.luxtronics.in/wp-content/uploads/2026/05/SYA003188501A.jpg","GaN Chargers","","1. Input: AC110-240V 1.0A. 2. Total power: 100W [actual 45W]. 3. Output: 5V-15V/3A, 20V/2.25A [45W max]. 4. Supporting protocols: Supports fast charging...","https://luxtronics.in/product/smartphones-te-pd46-gan-100w-pd-56093","","te-pd46 gan 100w pd 45w fully compatible protocol charger us plug, sya0031885, smartphones, luxtronics, online shopping"
"TE-PD65 GaN PD 65W + QC4.0 USB Fully Compatible Protocol Charger EU","https://luxtronics.luxtronics.in/wp-content/uploads/2026/05/SYA003137801A.jpg","GaN Chargers","","1. Input: AC110-240V, 50/60Hz, 1.5A. 2. Power: 120W [actual 65W]. 3. Type-C output: 5V-15V/3A, 20V/3.25A [65W max]. 4. USB-A output: 5V/3A, 9V/3A,... Explore","https://luxtronics.in/product/smartphones-te-pd65-gan-pd-65w-56104","","te-pd65 gan pd 65w + qc4.0 usb fully compatible protocol charger eu, sya0031378, smartphones, luxtronics, online shopping"
"MOMAX UM79 1-Charge Ultra 45W 2-Port GaN Silm Fast Charger Kit, US Plug","https://luxtronics.luxtronics.in/wp-content/uploads/2026/05/EDA008921801A.jpg","GaN Chargers","","1. Next-gen gallium nitride (GaN) chip equipped with MTC temperature control technology enables fast charging and heat dissipation, effectively protecting...","https://luxtronics.in/product/smartphones-momax-um79-charge-ultra-45w-56169","","momax um79 1-charge ultra 45w 2-port gan silm fast charger kit, us plug, eda0089218, smartphones, luxtronics, online shopping"
"USAMS CC276 30W GaN USB-C / Type-C Port Mini Fast Charger, UK Plug","https://luxtronics.luxtronics.in/wp-content/uploads/2026/05/EDA008527701A.jpg","GaN Chargers","","1. Compact size, perfect for travel. 2. Gallium nitride chip for higher charging efficiency and safer use. 3. Intelligent temperature control technology...","https://luxtronics.in/product/smartphones-usams-cc276-30w-gan-usb-55051","","usams cc276 30w gan usb-c / type-c port mini fast charger, uk plug, eda0085277, smartphones, luxtronics, online shopping"
"USAMS CC267 20W GaN USB-C / Type-C Port Mini Fast Charger, US Plug","https://luxtronics.luxtronics.in/wp-content/uploads/2026/05/EDA008527901B.jpg","GaN Chargers","","1. Compact size, perfect for travel. 2. Gallium nitride chip for higher charging efficiency and safer use. 3. Intelligent temperature control technology...","https://luxtronics.in/product/smartphones-usams-cc267-20w-gan-usb-55065","","usams cc267 20w gan usb-c / type-c port mini fast charger, us plug, eda0085279, smartphones, luxtronics, online shopping"
"USAMS CC274 20W GaN USB-C / Type-C Port Mini Fast Charger, UK Plug","https://luxtronics.luxtronics.in/wp-content/uploads/2026/05/EDA008528601A.jpg","GaN Chargers","","1. Compact size, perfect for travel. 2. Gallium nitride chip for higher charging efficiency and safer use. 3. Intelligent temperature control technology...","https://luxtronics.in/product/smartphones-usams-cc274-20w-gan-usb-55077","","usams cc274 20w gan usb-c / type-c port mini fast charger, uk plug, eda0085286, smartphones, luxtronics, online shopping"
"USAMS CC270 30W GaN USB-C / Type-C and USB Dual-port Mini Fast Charger","https://luxtronics.luxtronics.in/wp-content/uploads/2026/05/EDA008529201A.jpg","GaN Chargers","","1. Compact size, perfect for travel. 2. Gallium nitride chip for higher charging efficiency and safer use. 3. Dual-port output, charge two devices... Explore","https://luxtronics.in/product/smartphones-usams-cc270-30w-gan-usb-55091","","usams cc270 30w gan usb-c / type-c and usb dual-port mini fast charger, eda0085292, smartphones, luxtronics, online shopping"
"WK WP-U20 lceyon 140W GaN Multi-function Charger, EU Plug","https://luxtronics.luxtronics.in/wp-content/uploads/2026/05/EDA008614501A.jpg","GaN Chargers","","1. Material: PC 2. Output Type and Quantity: 3 Type-C + 1 USB 3. Total Output: 140W 4. Type-C1 Output: 5V/3A, 9V/3A, 12V/3A, 15V/3A, 20V/5A, 28V/5A,...","https://luxtronics.in/product/smartphones-wk-wp-u20-lceyon-140w-55263","","wk wp-u20 lceyon 140w gan multi-function charger, eu plug, eda0086145-1, smartphones, luxtronics, online shopping"
"USAMS CC262 30W GaN USB-C / Type-C Port Mini Fast Charger, EU Plug","https://luxtronics.luxtronics.in/wp-content/uploads/2026/05/EDA008527201A.jpg","GaN Chargers","","1. Compact size, perfect for travel. 2. Gallium nitride chip for higher charging efficiency and safer use. 3. Intelligent temperature control technology...","https://luxtronics.in/product/smartphones-usams-cc262-30w-gan-usb-55023","","usams cc262 30w gan usb-c / type-c port mini fast charger, eu plug, eda0085272, smartphones, luxtronics, online shopping"
"USAMS CC269 30W GaN USB-C / Type-C Port Mini Fast Charger, US Plug","https://luxtronics.luxtronics.in/wp-content/uploads/2026/05/EDA008527501A.jpg","GaN Chargers","","1. Compact size, perfect for travel. 2. Gallium nitride chip for higher charging efficiency and safer use. 3. Intelligent temperature control technology...","https://luxtronics.in/product/smartphones-usams-cc269-30w-gan-usb-55037","","usams cc269 30w gan usb-c / type-c port mini fast charger, us plug, eda0085275, smartphones, luxtronics, online shopping"
"JOYROOM JR-TG8 45W USB and Type-C Dual Interface GaN Fast Charger, EU","https://luxtronics.luxtronics.in/wp-content/uploads/2026/05/EDA009425601A.jpg","GaN Chargers","","1. Material: Fire-retardant PC material 2. Total Output Power: 45W 3. Input: 100-240V, 50/60Hz, 1.2A 4. Type-C Output: 5.0V/3.0A, 9.0V/3.0A, 15.0V/3.0A,...","https://luxtronics.in/product/chargers-cables-joyroom-jr-tg8-45w-usb-57692","","joyroom jr-tg8 45w usb and type-c dual interface gan fast charger, eu, eda0094256, chargers & cables, chargers-cables, luxtronics, online shopping"
"120W GaN Wall Charger with Built-in Retractable USB-C Cable 3-Port Fast","https://luxtronics.luxtronics.in/wp-content/uploads/2026/05/TBD0606855201A.jpg","GaN Chargers","","1. Equipped with advanced Gallium Nitride (GaN) technology, this 120W charger provides higher efficiency and cooler operation in a compact size. It can...","https://luxtronics.in/product/smartphones-120w-gan-wall-charger-built-57596","","120w gan wall charger with built-in retractable usb-c cable 3-port fast, tbd06068552-1, smartphones, luxtronics, online shopping"
"80W GaN Wall Charger With Built-In Retractable USB-C Cable 3-Port Fast","https://luxtronics.luxtronics.in/wp-content/uploads/2026/05/TBD0606856101A.jpg","GaN Chargers","","1. Utilizing advanced GaN (Gallium Nitride) technology, this charger delivers highly efficient power output of up to 80W while maintaining a compact form...","https://luxtronics.in/product/smartphones-80w-gan-wall-charger-built-57628","","80w gan wall charger with built-in retractable usb-c cable 3-port fast, tbd06068561-1, smartphones, luxtronics, online shopping"
"65W GaN Wall Charger With Built-In Retractable USB-C Cable 3-Port Fast","https://luxtronics.luxtronics.in/wp-content/uploads/2026/05/TBD0606856301A.jpg","GaN Chargers","","1. Utilizing advanced GaN (Gallium Nitride) technology, this charger delivers up to 65W of high-efficiency power while maintaining a compact form factor,...","https://luxtronics.in/product/smartphones-65w-gan-wall-charger-built-57659","","65w gan wall charger with built-in retractable usb-c cable 3-port fast, tbd06068563, smartphones, luxtronics, online shopping"
"550W USB-C GaN Super Fast Charging Multi-Port Retractable Cable","https://luxtronics.luxtronics.in/wp-content/uploads/2026/05/TBD0606763501A.jpg","GaN Chargers","","1. Input: AC100-240V/50-60Hz 2.5A 2. Retractable cable: 5V/3A, 9V/3A, 12V/3A, 15V/3A, 20V/5A 3. USB-C: 5V/3A, 9V/3A, 12V/2.5A, 15V/2A, 20V/1.5A 30W (Max)...","https://luxtronics.in/product/smartphones-550w-usb-gan-super-fast-57139","","550w usb-c gan super fast charging multi-port retractable cable, tbd06067635, smartphones, luxtronics, online shopping"
"420W GaN Super Fast Charging Multi-Port Charger, EU Plug","https://luxtronics.luxtronics.in/wp-content/uploads/2026/05/TBD0606763901A.jpg","GaN Chargers","","1. Input: AC100-240V/50-60Hz 2.5A 2. Output: 420W (Max) 3. Type-C1/C2: PD3.1 5V/3A, 9V/3A, 12V/3A, 15V/3A, 20V/5A, 28V/5A; PPS: 3.3-21V/5A 140W (Max) 4....","https://luxtronics.in/product/smartphones-420w-gan-super-fast-charging-57154","","420w gan super fast charging multi-port charger, eu plug, tbd06067639, smartphones, luxtronics, online shopping"
"330W GaN Super Fast Charging Multi-Port Charger, EU Plug","https://luxtronics.luxtronics.in/wp-content/uploads/2026/05/TBD0606766201A.jpg","GaN Chargers","","1. Material: ABS+PC 2. C1 Output: 3.3-21V 5A, 5V 3A, 9V 3A, 12V 3A, 15V 3A, 20V 3A (100W Max) 3. C2 Output: 3.3-21V 5A, 5V 3A, 9V 3A, 12V 3A, 15V 3A, 20V...","https://luxtronics.in/product/chargers-cables-330w-gan-super-fast-charging-57208","","330w gan super fast charging multi-port charger, eu plug, tbd06067662, chargers & cables, chargers-cables, luxtronics, online shopping"
"YMX-615-LCD470W 4xType-C and 2xUSB 470W GaN Multi-Function Charger, AU","https://luxtronics.luxtronics.in/wp-content/uploads/2026/05/EDA009284501A.jpg","GaN Chargers","","1. Input: AC 110-240V, 50/60Hz 2. Type-C1/C2 Output: 5V/3A, 9V/3A, 12V/3A, 15V/3A, 20V/5A, 28V/5A 3. USB Output: 5V/3A, 9V/3A, 12V/2.5A, 20V/1.5A 4. Total...","https://luxtronics.in/product/smartphones-ymx-615-lcd470w-4xtype-2xusb-57297","","ymx-615-lcd470w 4xtype-c and 2xusb 470w gan multi-function charger, au, eda0092845, smartphones, luxtronics, online shopping"
"YMX-LCD405W 405W 3xType-C and 2xUSB GaN Smart Digital Display","https://luxtronics.luxtronics.in/wp-content/uploads/2026/05/EDA009284901A.jpg","GaN Chargers","","1. Input: AC 110-240V, 50/60Hz 2. Type-C1/C2 Output: 5V/3A, 9V/3A, 12V/3A, 15V/3A, 20V/5A, 28V/5A 3. USB Output: 5V/3A, 9V/3A, 12V/2.5A, 15V/3A, 20V/1.5A...","https://luxtronics.in/product/smartphones-ymx-lcd405w-405w-3xtype-2xusb-57321","","ymx-lcd405w 405w 3xtype-c and 2xusb gan smart digital display, eda0092849, smartphones, luxtronics, online shopping"
"YMX-LCD470W 470W 3xType-C and 2xUSB GaN Smart Digital Display","https://luxtronics.luxtronics.in/wp-content/uploads/2026/05/EDA009285201A.jpg","GaN Chargers","","1. Input: AC 110-240V, 50/60Hz 2. Type-C1/C2 Output: 5V/3A, 9V/3A, 12V/3A, 15V/3A, 20V/5A, 28V/5A 3. USB Output: 5V/3A, 9V/3A, 12V/2.5A, 20V/1.5A 4. Total...","https://luxtronics.in/product/smartphones-ymx-lcd470w-470w-3xtype-2xusb-57339","","ymx-lcd470w 470w 3xtype-c and 2xusb gan smart digital display, eda0092852, smartphones, luxtronics, online shopping"
"YMX-LCD670W 670W 6xType-C and 2xUSB GaN Digital Display Multi-Function","https://luxtronics.luxtronics.in/wp-content/uploads/2026/05/EDA009285401A.jpg","GaN Chargers","","1. Input: AC 110-240V, 50/60Hz 2. Type-C1/C2 Output: 5V/3A, 9V/3A, 12V/3A, 15V/3A, 20V/5A, 28V/5A 3. USB Output: 5V/3A, 9V/3A, 12V/3A, 20V/3A 4. Total...","https://luxtronics.in/product/smartphones-ymx-lcd670w-670w-6xtype-2xusb-57356","","ymx-lcd670w 670w 6xtype-c and 2xusb gan digital display multi-function, eda0092854, smartphones, luxtronics, online shopping"
"WLX-902 72W Type-C and USB Dual-Port GaN Ultra Thin Card Sized Fast","https://luxtronics.luxtronics.in/wp-content/uploads/2026/05/EDA009066601A.jpg","GaN Chargers","","1. Interface: USB 2. Charging Current: 300mA 3. Input: AC 100V-240V/50-60Hz 4. Type-C Input: 5V/3A, 9V/3A, 12V/3A, 15V/3A, 20V/3.25A 5. USB Input: 5V/3A,...","https://luxtronics.in/product/laptops-wlx-902-72w-type-usb-56490","","wlx-902 72w type-c and usb dual-port gan ultra thin card sized fast, eda0090666-1, laptops, luxtronics, online shopping"
"WXL-60D 2.3-inch Smart Display GaN High Power Desktop Charging Station","https://luxtronics.luxtronics.in/wp-content/uploads/2026/05/EDA009066901A.jpg","GaN Chargers","","1. This is the new Desktop Charging Station Pro, featuring Super Fast Charging + Smart Display. Equipped with a HD screen and GaN technology, it ushers in...","https://luxtronics.in/product/laptops-wxl-60d-smart-display-gan-56532","","wxl-60d 2.3-inch smart display gan high power desktop charging station, eda0090669, laptops, luxtronics, online shopping"
"WXL-60E 210W 6-in-1 Desktop Multi Ports Charging Station Built-in Dual","https://luxtronics.luxtronics.in/wp-content/uploads/2026/05/EDA009067201A.jpg","GaN Chargers","","1. This is a desktop charging station designed for mobile office use, featuring two retractable cables, four integrated charging ports, and GaN technology...","https://luxtronics.in/product/smartphones-wxl-60e-210w-in-desktop-56548","","wxl-60e 210w 6-in-1 desktop multi ports charging station built-in dual, eda0090672, smartphones, luxtronics, online shopping"
"Yesido YC147 65W Mecha GaN Three-port Fast Charger, YC147","https://luxtronics.luxtronics.in/wp-content/uploads/2026/05/EDA009107201A.jpg","GaN Chargers","","1. High-power 65W output 2. Mecha-style semi-transparent design 3. PC flame-retardant material 4. Multi-protocol fast charging support (PDO, PPS, QC, AFC,...","https://luxtronics.in/product/smartphones-yesido-yc147-65w-mecha-gan-56648","","yesido yc147 65w mecha gan three-port fast charger, yc147, eda0091072, smartphones, luxtronics, online shopping"
"Yesido YC101 65W Mecha GaN Three-port Fast Charger, YC101","https://luxtronics.luxtronics.in/wp-content/uploads/2026/05/EDA009107101A.jpg","GaN Chargers","","1. High-power 65W output 2. Mecha-style semi-transparent design 3. PC flame-retardant material 4. Multi-protocol fast charging support (PDO, PPS, QC, AFC,...","https://luxtronics.in/product/smartphones-yesido-yc101-65w-mecha-gan-56663","","yesido yc101 65w mecha gan three-port fast charger, yc101, eda0091071, smartphones, luxtronics, online shopping"
"600W USB-C / Type-C and USB-A 8-Port High Power GaN Desktop Fast","https://luxtronics.luxtronics.in/wp-content/uploads/2026/05/EDA009108401A.jpg","GaN Chargers","","1. 600W High Power: Utilizing new GaN material, it is small in size and dissipates heat faster. The total power of 600W can fast charge multiple devices...","https://luxtronics.in/product/smartphones-600w-usb-type-port-56677","","600w usb-c / type-c and usb-a 8-port high power gan desktop fast, eda0091084, smartphones, luxtronics, online shopping"
"JOYROOM JR-TG10 65W GaN Dual Type-C, USB 3-Port Charger with Type-C to EDA0090085","https://luxtronics.luxtronics.in/wp-content/uploads/2026/05/EDA009008501A.jpg","GaN Chargers","","Features 1. Fast charge 3 devices simultaneously 2. 65W output, supports 98% of laptops for full-speed charging 3. Compact size and lightweight design 4....","https://luxtronics.in/product/smartphones-joyroom-jr-tg10-65w-gan-56372","","joyroom jr-tg10 65w gan dual type-c, usb 3-port charger with type-c to, eda0090085, smartphones, luxtronics, online shopping"
"JOYROOM JR-TG10 65W GaN Dual Type-C, USB 3-Port Charger with Type-C to EDA0090086","https://luxtronics.luxtronics.in/wp-content/uploads/2026/05/EDA009008602A.jpg","GaN Chargers","","Features 1. Fast charge 3 devices simultaneously 2. 65W output, supports 98% of laptops for full-speed charging 3. Compact size and lightweight design 4....","https://luxtronics.in/product/smartphones-joyroom-jr-tg10-65w-gan-56392","","joyroom jr-tg10 65w gan dual type-c, usb 3-port charger with type-c to, eda0090086, smartphones, luxtronics, online shopping"
"500W GaN 6 Type-C 2 USB Multi Ports Sharing Desktop Charger, US Plug","https://luxtronics.luxtronics.in/wp-content/uploads/2026/05/EDA007214701A.jpg","GaN Chargers","","1. 500W high power, can charge 8 devices at the same time 2. Including 2 x USB interfaces, 6 x PD Type-C interfaces 3. Single-port PD fast charging can...","https://luxtronics.in/product/chargers-cables-500w-gan-type-usb-multi-51993","","500w gan 6 type-c 2 usb multi ports sharing desktop charger, us plug, eda0072147, chargers & cables, chargers-cables, luxtronics, online shopping"
"JOYROOM JR-TCG13 45W GaN USB-C / Type-C Port Super Fast Charger, EU Plug","https://luxtronics.luxtronics.in/wp-content/uploads/2026/05/EDA007132301A.jpg","GaN Chargers","","1. Supports 45W super fast charging 2.0 for Samsung Ultra series 2. GaN chip, stable charging, less heat, safer to use 3. Supports SFC 2.0 (45W), PPS, PD...","https://luxtronics.in/product/smartphones-joyroom-jr-tcg13-45w-gan-51663","","joyroom jr-tcg13 45w gan usb-c / type-c port super fast charger, eu plug, eda0071323-1, smartphones, luxtronics, online shopping"
"440W GaN USB Power Adapter Travel Charger with 3 x USB, 5 x PD Port","https://luxtronics.luxtronics.in/wp-content/uploads/2026/05/EDA007071101A.jpg","GaN Chargers","","1. High-Output Multi-Port Charger: This 440W GaN charger can charge up to 8 devices simultaneously with its 5 USB-C ports and 3 USB-A ports. It delivers a...","https://luxtronics.in/product/smartphones-440w-gan-usb-power-adapter-51384","","440w gan usb power adapter travel charger with 3 x usb, 5 x pd port, eda0070711, smartphones, luxtronics, online shopping"
"2A2C-100W GaN Pro 100W USB x 2, USB-C / Type-C x 2 Fast Charger","https://luxtronics.luxtronics.in/wp-content/uploads/2026/05/EDA007088901A.jpg","GaN Chargers","","1. Input: 110-240V 50/60Hz 1.2A 2. Output: PD1/2: 5V 3A, 9V 3A, 12V 3A, 15V 3A, 20V 3.25A A1/2: 5V 3A, 9V 3A, 12V 2.5A, 15V 2A, 20V 1.5A 3. Two-port...","https://luxtronics.in/product/chargers-cables-2a2c-100w-gan-pro-51409","","2a2c-100w gan pro 100w usb x 2, usb-c / type-c x 2 fast charger, eda0070889, chargers & cables, chargers-cables, luxtronics, online shopping"
"YMS-858 GaN 240W USB x 4, USB-C / Type-C x 4 Fast Charger","https://luxtronics.luxtronics.in/wp-content/uploads/2026/05/EDA007089101A.jpg","GaN Chargers","","1. Input: 110-240V 50/60Hz 1.5A 2. PD output: PD1: 5V 3A, 9V 3A, 12V 3A, 15V 3A, 20V 5A PD2: 5V 3A, 9V 3A, 12V 2.5A, 15V 2A, 20V 1.5A PD3: 5V 3A, 9V 3A,...","https://luxtronics.in/product/chargers-cables-yms-858-gan-240w-51427","","yms-858 gan 240w usb x 4, usb-c / type-c x 4 fast charger, eda0070891, chargers & cables, chargers-cables, luxtronics, online shopping"
"YMX-320W GaN 320W USB x 4, USB-C / Type-C x 4 Fast Charger","https://luxtronics.luxtronics.in/wp-content/uploads/2026/05/EDA007089401A.jpg","GaN Chargers","","1. Input: AC 100-240V, 50/60Hz, 1.8A Max 2. Type-C output: USB-C1: 5V3A/9V3A/12V3A/15V3A/20V5A 100W (Max) USB-C2/C3: 5V3A/9V3A/ 12V3A/15V3A/20V3.25A...","https://luxtronics.in/product/chargers-cables-ymx-320w-gan-51450","","ymx-320w gan 320w usb x 4, usb-c / type-c x 4 fast charger, eda0070894, chargers & cables, chargers-cables, luxtronics, online shopping"
"5C2A-220W GaN 220W USB x 2, USB-C / Type-C x 5 Fast Charger","https://luxtronics.luxtronics.in/wp-content/uploads/2026/05/EDA007089801A.jpg","GaN Chargers","","1. Input: 110-240V 50/60Hz 1.2A 2. PD output: PD1: 5V3A, 9V3A, 12V3A, 15V3A, 20V5A PD2: 5V3A, 9V2.22A, 12V1.67A PD3: 5V3A, 9V2.22A, 12V1.67A PD4: 5V3A,...","https://luxtronics.in/product/chargers-cables-5c2a-220w-gan-51464","","5c2a-220w gan 220w usb x 2, usb-c / type-c x 5 fast charger, eda0070898, chargers & cables, chargers-cables, luxtronics, online shopping"
"Mechanic G-POWER 160W GaN Desktop Fast Charging Station with 15W","https://luxtronics.luxtronics.in/wp-content/uploads/2026/05/EDA008491601.jpg","GaN Chargers","","1. G-Power 160W GaN Top Speed Desktop Super Fast Charging Station, 160W speed to the top, 8 devices flash charging at the same time, has 4 USB-C ports and...","https://luxtronics.in/product/smartphones-mechanic-power-160w-gan-desktop-54800","","mechanic g-power 160w gan desktop fast charging station with 15w, eda0084916, smartphones, luxtronics, online shopping"
"USAMS CC263 30W GaN USB-C / Type-C, USB Dual-port Mini Fast Charger","https://luxtronics.luxtronics.in/wp-content/uploads/2026/05/EDA008422501A.jpg","GaN Chargers","","1. Mini size, suitable for travel. 2. Gallium nitride chip, higher charging rate, safer to use. 3. Intelligent temperature control technology, not easy to...","https://luxtronics.in/product/smartphones-usams-cc263-30w-gan-usb-54665","","usams cc263 30w gan usb-c / type-c, usb dual-port mini fast charger, eda0084225, smartphones, luxtronics, online shopping"
"USAMS CC265 67W GaN 2 x Type-C, USB Triple-port Mini Fast Charger","https://luxtronics.luxtronics.in/wp-content/uploads/2026/05/EDA008422701A.jpg","GaN Chargers","","1. Single port outputs 67W high power, can charge laptops. 2. Three ports can be charged at the same time, no need to queue, only one charger is needed...","https://luxtronics.in/product/smartphones-usams-cc265-67w-gan-type-54681","","usams cc265 67w gan 2 x type-c, usb triple-port mini fast charger, eda0084227, smartphones, luxtronics, online shopping"
"USAMS CC260 20W GaN USB-C / Type-C Port Mini Fast Charger, CC260","https://luxtronics.luxtronics.in/wp-content/uploads/2026/05/EDA008422101A.jpg","GaN Chargers","","1. Mini size, suitable for travel. 2. Gallium nitride chip, higher charging rate, safer to use. 3. Intelligent temperature control technology, not easy to...","https://luxtronics.in/product/smartphones-usams-cc260-20w-gan-usb-54649","","usams cc260 20w gan usb-c / type-c port mini fast charger, cc260, eda0084221, smartphones, luxtronics, online shopping"
"LDNIO Q408 100W GaN USB+3 USB-C / Type-C Interface Charger with 1m 100W","https://luxtronics.luxtronics.in/wp-content/uploads/2026/05/EDA006960701A.jpg","GaN Chargers","","1. Input: 100-240V, 2A, 50/60Hz 2. USB output: 5V/3A, 9V/3A, 12V/2.5A, 20V/1.5A 30W 3. Type-C1 output: 5V/3A, 9V/3A, 12V/3A, 15V/3A, 20V/5A 100W 4....","https://luxtronics.in/product/smartphones-ldnio-q408-100w-gan-51053","","ldnio q408 100w gan usb+3 usb-c / type-c interface charger with 1m 100w, eda0069607, smartphones, luxtronics, online shopping"
"LDNIO Q367 65W GaN 3 x USB-C / Type-C Interface Charger with 1m USB-C","https://luxtronics.luxtronics.in/wp-content/uploads/2026/05/EDA006960001A.jpg","GaN Chargers","","1. Input: 100-240V, 1.5A, 50/60Hz 2. C1 PD output: 5V/3A, 9V/3A, 12V/3A, 15V/3A, 20V/3.25A 65W 3. C2 PD output: 5V/3A, 9V/3A, 12V/3A, 15V/3A, 20V/3.25A...","https://luxtronics.in/product/smartphones-ldnio-q367-65w-gan-usb-51027","","ldnio q367 65w gan 3 x usb-c / type-c interface charger with 1m usb-c /, eda0069600, smartphones, luxtronics, online shopping"
"200W 4xUSB-C / Type-C and 2xUSB-A Multi-function 6 Ports GaN Desktop","https://luxtronics.luxtronics.in/wp-content/uploads/2026/06/EDA008336901A.jpg","GaN Chargers","","1. 200W high power, intelligent distribution of output power, can charge 6 devices at the same time 2. Includes 2 USB ports, 4 Type-C ports 3. Built-in...","https://luxtronics.in/product/chargers-cables-200w-4xusb-type-2xusb-multi-54487","","200w 4xusb-c / type-c and 2xusb-a multi-function 6 ports gan desktop, eda0083369-1, chargers & cables, chargers-cables, luxtronics, online shopping"
"REMAX RP-U26 33W USB+USB-C / Type-C GaN Fast Charging Charger, EU Plug","https://luxtronics.luxtronics.in/wp-content/uploads/2026/05/EDA006943901A.jpg","GaN Chargers","","1. PD+QC 33W high power output 2. Type-C+USB dual port design, both outputs can be fast charged 3. USB port supports FCP/QC3.0/QC2.0/AFC/APPLE2.4A and...","https://luxtronics.in/product/smartphones-remax-rp-u26-33w-50747","","remax rp-u26 33w usb+usb-c / type-c gan fast charging charger, eu plug, eda0069439-1, smartphones, luxtronics, online shopping"
"160W 4 x Type-C + 2 x USB Multi Ports Charger Support QI Wireless","https://luxtronics.luxtronics.in/wp-content/uploads/2026/05/EDA006927901A.jpg","GaN Chargers","","1. Using GaN technology, safe and fast charging, small size 2. 160W high power, can charge seven devices at the same time 3. Including 2 x QC3.0 US...","https://luxtronics.in/product/laptops-160w-type-usb-multi-ports-50662","","160w 4 x type-c + 2 x usb multi ports charger support qi wireless, eda0069279, laptops, luxtronics, online shopping"
"WK WP-U66 Kinkong 65W Dual USB-C / Type-C + USB GaN Fast Charger, UK","https://luxtronics.luxtronics.in/wp-content/uploads/2026/05/EDA008159801A.jpg","GaN Chargers","","1. Materials: PC 2. Output Ports: USB-A x 1,Type-C x 2 3. Input: AC110-240V~50/60Hz 1.2A MAX 4. Output: USB-A: 5V=3A, 9V=2A,12V=1.5A TYPE-C1:... Explore more","https://luxtronics.in/product/smartphones-wk-wp-u66-kinkong-65w-54134","","wk wp-u66 kinkong 65w dual usb-c / type-c + usb gan fast charger, uk, eda0081598-1, smartphones, luxtronics, online shopping"
"TE-65W GaN PD65W Dual USB-C/Type-C+USB-A Laptop Tablet Adapter US Plug","https://luxtronics.luxtronics.in/wp-content/uploads/2026/05/SYA002638501A.jpg","GaN Chargers","","1. Input: AC100-240V/1.5A, 50/60Hz. 2. Total power: 65W. 3. Type-C 1/C2 output: 5V/3A, 9V/3A, 12V/3A, 15V/3A, 20V/3.25A [65W max] 4. USB-A output: 5V/3A,...","https://luxtronics.in/product/smartphones-te-65w-gan-pd65w-dual-50567","","te-65w gan pd65w dual usb-c/type-c+usb-a laptop tablet adapter us plug, sya0026385, smartphones, luxtronics, online shopping"
"TE-65W GaN PD65W Dual USB-C+USB-A Laptop / Tablet Adapter EU Plug, EU","https://luxtronics.luxtronics.in/wp-content/uploads/2026/05/SYA002638601A.jpg","GaN Chargers","","1. Input: AC100-240V/1.5A, 50/60Hz. 2. Total power: 65W. 3. Type-C 1/C2 output: 5V/3A, 9V/3A, 12V/3A, 15V/3A, 20V/3.25A [65W max] 4. USB-A output: 5V/3A,...","https://luxtronics.in/product/smartphones-te-65w-gan-pd65w-dual-50576","","te-65w gan pd65w dual usb-c+usb-a laptop / tablet adapter eu plug, eu, sya0026386, smartphones, luxtronics, online shopping"
"PD41 GaN PD 45W + USB Charger with Type-C to Type-C Data Cable, EU Plug","https://luxtronics.luxtronics.in/wp-content/uploads/2026/05/SYA002878101A.jpg","GaN Chargers","","1. Input: AC100-240V 1.5A 2. Total power: 65W [actual 45W]. 3. Type-C output: 5V-15V/5A, 20V/3.25A [45W max]. 4. USB-A output: 5V/3A, 9V/2.22A, 12V/1.67A...","https://luxtronics.in/product/smartphones-pd41-gan-pd-45w-usb-53796","","pd41 gan pd 45w + usb charger with type-c to type-c data cable, eu plug, sya0028781, smartphones, luxtronics, online shopping"
"PD41 GaN PD 45W + USB Charger with Type-C to Type-C Data Cable, UK Plug","https://luxtronics.luxtronics.in/wp-content/uploads/2026/05/SYA002878301A.jpg","GaN Chargers","","1. Input: AC100-240V 1.5A 2. Total power: 65W [actual 45W]. 3. Type-C output: 5V-15V/5A, 20V/3.25A [45W max]. 4. USB-A output: 5V/3A, 9V/2.22A, 12V/1.67A...","https://luxtronics.in/product/smartphones-pd41-gan-pd-45w-usb-53807","","pd41 gan pd 45w + usb charger with type-c to type-c data cable, uk plug, sya0028783, smartphones, luxtronics, online shopping"
"PD41 GaN PD 45W + USB Charger with USB-C to USB-C / 8 Pin Data Cable SYA0028737","https://luxtronics.luxtronics.in/wp-content/uploads/2026/05/SYA002873701A.jpg","GaN Chargers","","1. Input: AC100-240V 1.5A 2. Total power: 65W [actual 45W]. 3. Type-C output: 5V-15V/5A, 20V/3.25A [45W max]. 4. USB-A output: 5V/3A, 9V/2.22A, 12V/1.67A...","https://luxtronics.in/product/smartphones-pd41-gan-pd-45w-usb-53820","","pd41 gan pd 45w + usb charger with usb-c to usb-c / 8 pin data cable, sya0028737, smartphones, luxtronics, online shopping"
"PD41 GaN PD 45W + USB Charger with USB-C to USB-C / 8 Pin Data Cable SYA0028739","https://luxtronics.luxtronics.in/wp-content/uploads/2026/05/SYA002873901A.jpg","GaN Chargers","","1. Input: AC100-240V 1.5A 2. Total power: 65W [actual 45W]. 3. Type-C output: 5V-15V/5A, 20V/3.25A [45W max]. 4. USB-A output: 5V/3A, 9V/2.22A, 12V/1.67A...","https://luxtronics.in/product/smartphones-pd41-gan-pd-45w-usb-53832","","pd41 gan pd 45w + usb charger with usb-c to usb-c / 8 pin data cable, sya0028739, smartphones, luxtronics, online shopping"
"PD41 GaN PD 45W + USB Charger with USB-C to USB-C / 8 Pin Data Cable SYA0028774","https://luxtronics.luxtronics.in/wp-content/uploads/2026/05/SYA002877401A.jpg","GaN Chargers","","1. Input: AC100-240V 1.5A 2. Total power: 65W [actual 45W]. 3. Type-C output: 5V-15V/5A, 20V/3.25A [45W max]. 4. USB-A output: 5V/3A, 9V/2.22A, 12V/1.67A...","https://luxtronics.in/product/smartphones-pd41-gan-pd-45w-usb-53845","","pd41 gan pd 45w + usb charger with usb-c to usb-c / 8 pin data cable, sya0028774, smartphones, luxtronics, online shopping"
"Yesido YC95 PD100W 2 USB-C, USB-A Three Ports GaN Fast Charger","https://luxtronics.luxtronics.in/wp-content/uploads/2026/05/EDA007890601A.jpg","GaN Chargers","","1. Material: PC fireproof material 2. Input: AC100-240V, 50/60Hz, 1.5A 3. USB-C1/C2 output: 100W (Max) 4. USB-A output: 30W (Max) 5. Multi-port output:...","https://luxtronics.in/product/smartphones-yesido-yc95-pd100w-usb-53682","","yesido yc95 pd100w 2 usb-c, usb-a three ports gan fast charger, eda0078906, smartphones, luxtronics, online shopping"
"GaN PD 45W + QC3.0 USB Fully Compatible Protocol Charger EU Plug, EU","https://luxtronics.luxtronics.in/wp-content/uploads/2026/05/SYA002852301A.jpg","GaN Chargers","","1. Input: AC100-240V 1.5A 2. Total power: 65W [actual 45W]. 3. Type-C output: 5V-15V/5A, 20V/3.25A [45W max]. 4. USB-A output: 5V/3A, 9V/2.22A, 12V/1.67A...","https://luxtronics.in/product/smartphones-gan-pd-45w-qc3-usb-53690","","gan pd 45w + qc3.0 usb fully compatible protocol charger eu plug, eu, sya0028523, smartphones, luxtronics, online shopping"
"PD41 GaN PD 45W + USB Charger with Type-C to Type-C Data Cable, US Plug","https://luxtronics.luxtronics.in/wp-content/uploads/2026/05/SYA002877901A.jpg","GaN Chargers","","1. Input: AC100-240V 1.5A 2. Total power: 65W [actual 45W]. 3. Type-C output: 5V-15V/5A, 20V/3.25A [45W max]. 4. USB-A output: 5V/3A, 9V/2.22A, 12V/1.67A...","https://luxtronics.in/product/smartphones-pd41-gan-pd-45w-usb-53785","","pd41 gan pd 45w + usb charger with type-c to type-c data cable, us plug, sya0028779, smartphones, luxtronics, online shopping"
"Yesido MC38 65W 6 In 1 Dual Type-C and Dual USB-A with 2 Socket GaN","https://luxtronics.luxtronics.in/wp-content/uploads/2026/05/EDA007890301A.jpg","GaN Chargers","","1. Material: ABS+PC fireproof material 2. Wire gauge: pure copper 3x1MM square 3. USB-A1/USB-A2: 18W/18W 4. USB-C1/USB-C2: 65W/65W 5. USB-C1/USB-C2...","https://luxtronics.in/product/smartphones-yesido-mc38-65w-in-dual-53667","","yesido mc38 65w 6 in 1 dual type-c and dual usb-a with 2 socket gan, eda0078903, smartphones, luxtronics, online shopping"
"REMAX U2-AC 45W USB and Type-C GaN Digital Display Fast Charger, EU Plug","https://luxtronics.luxtronics.in/wp-content/uploads/2026/05/EDA007660701.jpg","GaN Chargers","","1. Power: 45W 2. GaN has stable performance, smaller, faster and safer 3. Digital real-time power, charging is clear at a glance 4. Automatically adjust...","https://luxtronics.in/product/smartphones-remax-u2-ac-45w-usb-53093","","remax u2-ac 45w usb and type-c gan digital display fast charger, eu plug, eda0076607, smartphones, luxtronics, online shopping"
"REMAX U2-AC 67W USB and Type-C GaN Digital Display Fast Charger, EU Plug","https://luxtronics.luxtronics.in/wp-content/uploads/2026/05/EDA007660801.jpg","GaN Chargers","","1. Power: 67W 2. GaN has stable performance, smaller, faster and safer 3. Digital real-time power, charging is clear at a glance 4. Automatically adjust...","https://luxtronics.in/product/smartphones-remax-u2-ac-67w-usb-53104","","remax u2-ac 67w usb and type-c gan digital display fast charger, eu plug, eda0076608-1, smartphones, luxtronics, online shopping"
"REMAX U2-AC 100W USB and Dual Type-C GaN Digital Display Fast Charger","https://luxtronics.luxtronics.in/wp-content/uploads/2026/05/EDA007661001.jpg","GaN Chargers","","1. Power: 100W 2. GaN has stable performance, smaller, faster and safer 3. Digital real-time power, charging is clear at a glance 4. Automatically adjust...","https://luxtronics.in/product/smartphones-remax-u2-ac-100w-usb-53115","","remax u2-ac 100w usb and dual type-c gan digital display fast charger, eda0076610, smartphones, luxtronics, online shopping"
"REMAX RP-U91 Jiltry Series 30W PD+QC Type-C GaN Multi-compatible Fast","https://luxtronics.luxtronics.in/wp-content/uploads/2026/05/EDA007676502A.jpg","GaN Chargers","","1. GaN core technology, fast charging without damaging the phone. 2. Compact and portable, does not take up space, a good helper for travel. 3. 30W Type-C...","https://luxtronics.in/product/smartphones-remax-rp-u91-jiltry-series-53134","","remax rp-u91 jiltry series 30w pd+qc type-c gan multi-compatible fast, eda0076765, smartphones, luxtronics, online shopping"
"REMAX U2-AC 35W USB and Type-C GaN Digital Display Fast Charger, EU Plug","https://luxtronics.luxtronics.in/wp-content/uploads/2026/05/EDA007660301.jpg","GaN Chargers","","1. Power: 35W 2. GaN has stable performance, smaller, faster and safer 3. Digital real-time power, charging is clear at a glance 4. Automatically adjust...","https://luxtronics.in/product/smartphones-remax-u2-ac-35w-usb-53082","","remax u2-ac 35w usb and type-c gan digital display fast charger, eu plug, eda0076603-1, smartphones, luxtronics, online shopping"
"Yesido YC92 65W USB and USB-C / Type-C Dual Port GaN Fast Charger Set","https://luxtronics.luxtronics.in/wp-content/uploads/2026/05/EDA007582401A.jpg","GaN Chargers","","1. Material: PC fireproof material 2. Input: 100-240V, 50/60Hz 3. Output: USB-C: DC 5V/3A, 9V/3A, 12V/3A, 15V/3A, 20V/3.25A 65W (Max) USB-A: 3.6V-6.5/3A,...","https://luxtronics.in/product/smartphones-yesido-yc92-65w-usb-52846","","yesido yc92 65w usb and usb-c / type-c dual port gan fast charger set, eda0075824, smartphones, luxtronics, online shopping"
"AR-PD14 GaN 120W Charge Adapter 4 Port 2 PD 2 QC 3.0 USB and USB-C","https://luxtronics.luxtronics.in/wp-content/uploads/2026/05/EDA007602801A.jpg","GaN Chargers","","1. Automatic Recognition Technology: The USB plug charger will intelligently identify connected devices and provide optimized charging. 2. High-Speed...","https://luxtronics.in/product/smartphones-ar-pd14-gan-120w-charge-52912","","ar-pd14 gan 120w charge adapter 4 port 2 pd 2 qc 3.0 usb and usb-c /, eda0076028-1, smartphones, luxtronics, online shopping"
"USAMS T67 20W USB and USB-C / Type-C GaN Fast Charger, EU Plug","https://luxtronics.luxtronics.in/wp-content/uploads/2026/05/EDA007489903A.jpg","GaN Chargers","","1. 20W flash charging, fast charging speed 2. Three-port output, watch and phone can be charged together 3. Support Apple Watch wireless fast charging,...","https://luxtronics.in/product/smartphones-usams-t67-20w-usb-52515","","usams t67 20w usb and usb-c / type-c gan fast charger, eu plug, eda0074899, smartphones, luxtronics, online shopping"
"268W GaN 5 Type-C 3 USB Multi Ports Sharing Desktop Charger, US Plug","https://luxtronics.luxtronics.in/wp-content/uploads/2026/05/EDA007276701A.jpg","GaN Chargers","","1. 268W high power, can charge 8 devices at the same time 2. Including 3 x USB interfaces, 5 x PD Type-C interfaces 3. Single-port PD fast charging can...","https://luxtronics.in/product/chargers-cables-268w-gan-type-usb-multi-52209","","268w gan 5 type-c 3 usb multi ports sharing desktop charger, us plug, eda0072767, chargers & cables, chargers-cables, luxtronics, online shopping"
"320W GaN 6 Type-C 2 USB Multi Ports Sharing Desktop Charger, US Plug","https://luxtronics.luxtronics.in/wp-content/uploads/2026/05/EDA007277001A.jpg","GaN Chargers","","1. 320W high power, can charge 8 devices at the same time 2. Including 2 x USB interfaces, 6 x PD Type-C interfaces 3. Single-port PD fast charging can...","https://luxtronics.in/product/chargers-cables-320w-gan-type-usb-multi-52234","","320w gan 6 type-c 2 usb multi ports sharing desktop charger, us plug, eda0072770, chargers & cables, chargers-cables, luxtronics, online shopping"
"200W GaN 4 Type-C 2 USB Multi Ports Sharing Desktop Charger, US Plug","https://luxtronics.luxtronics.in/wp-content/uploads/2026/06/EDA007276401A.jpg","GaN Chargers","","1. 200W high power, can charge 6 devices at the same time 2. Including 2 x USB interfaces, 4 x PD Type-C interfaces 3. Single-port PD fast charging can...","https://luxtronics.in/product/chargers-cables-200w-gan-type-usb-multi-52251","","200w gan 4 type-c 2 usb multi ports sharing desktop charger, us plug, eda0072764-1, chargers & cables, chargers-cables, luxtronics, online shopping"
"240W GaN 6-Ports USB-C / Type-C Multi Sharing Desktop Charger, US Plug","https://luxtronics.luxtronics.in/wp-content/uploads/2026/05/EDA007275301A.jpg","GaN Chargers","","1. 240W high power, can charge 6 devices at the same time 2. Including 6 x PD Type-C interfaces 3. Single-port PD fast charging can reach 100W 4. Stable...","https://luxtronics.in/product/chargers-cables-240w-gan-ports-usb-type-52193","","240w gan 6-ports usb-c / type-c multi sharing desktop charger, us plug, eda0072753-1, chargers & cables, chargers-cables, luxtronics, online shopping"
"USAMS CC229 30W USB+USB-C / Type-C Dual Port GaN Digital Display","https://luxtronics.luxtronics.in/wp-content/uploads/2026/05/EDA006596601A.jpg","GaN Chargers","","1. Material: PC 2. Input: 110-240V, 50/60Hz, 0.8A 3. Type-C output: 5V/3A, 9V/3A, 12V/2.5A 4. USB output: 5V/3A, 9V/2A, 10V/2A, 12V/1.5A 5. USB+Type-C...","https://luxtronics.in/product/smartphones-usams-cc229-30w-usb-50133","","usams cc229 30w usb+usb-c / type-c dual port gan digital display, eda0065966, smartphones, luxtronics, online shopping"
"USAMS CC230 30W USB+USB-C / Type-C Dual Port GaN Digital Display","https://luxtronics.luxtronics.in/wp-content/uploads/2026/05/EDA006596701A.jpg","GaN Chargers","","1. Material: PC 2. Input: 110-240V, 50/60Hz, 0.8A 3. Type-C output: 5V/3A, 9V/3A, 12V/2.5A 4. USB output: 5V/3A, 9V/2A, 10V/2A, 12V/1.5A 5. USB+Type-C...","https://luxtronics.in/product/smartphones-usams-cc230-30w-usb-50146","","usams cc230 30w usb+usb-c / type-c dual port gan digital display, eda0065967, smartphones, luxtronics, online shopping"
"USAMS US-CC210 SMF Series PD35W 8 Pin + Type-C Dual Port GaN Fast","https://luxtronics.luxtronics.in/wp-content/uploads/2026/05/EDA005869301A.jpg","GaN Chargers","","Features: 1. Retractable charging cable, invisible storage 2. Modular concept, free reorganization, call at any time 3. 35W high power, widely compatible...","https://luxtronics.in/product/smartphones-usams-us-cc210-smf-series-48537","","usams us-cc210 smf series pd35w 8 pin + type-c dual port gan fast, eda0058693, smartphones, luxtronics, online shopping"
"USAMS US-CC211 SMF Series PD35W 8 Pin + Type-C Dual Port GaN Fast","https://luxtronics.luxtronics.in/wp-content/uploads/2026/05/EDA005869401A.jpg","GaN Chargers","","Features: 1. Retractable charging cable, invisible storage 2. Modular concept, free reorganization, call at any time 3. 35W high power, widely compatible...","https://luxtronics.in/product/smartphones-usams-us-cc211-smf-series-48550","","usams us-cc211 smf series pd35w 8 pin + type-c dual port gan fast, eda0058694, smartphones, luxtronics, online shopping"
"Yesido YC79 PD20W Dual Port Type-C GaN Charger, UK Plug","https://luxtronics.luxtronics.in/wp-content/uploads/2026/05/EDA0064028.jpg","GaN Chargers","","1. Input: AC100-240V-50/60Hz 0.5A Max 2. Type-C output: DC5V= 3A,9V=2.22A,12V=1.7A 20W 3. Smart chip, harmless to battery, prevents overheating 4. GaN...","https://luxtronics.in/product/smartphones-yesido-yc79-pd20w-dual-port-49704","","yesido yc79 pd20w dual port type-c gan charger, uk plug, eda0064028, smartphones, luxtronics, online shopping"
"USAMS US-CC203 SMF Series PD35W Dual Type-C Port GaN Fast Charger, US","https://luxtronics.luxtronics.in/wp-content/uploads/2026/05/EDA005868601B.jpg","GaN Chargers","","Features: 1. Retractable charging cable, invisible storage 2. Modular concept, free reorganization, call at any time 3. 35W high power, widely compatible...","https://luxtronics.in/product/smartphones-usams-us-cc203-smf-series-48500","","usams us-cc203 smf series pd35w dual type-c port gan fast charger, us, eda0058686, smartphones, luxtronics, online shopping"
"USAMS US-CC204 SMF Series PD35W Dual Type-C Port GaN Fast Charger, UK","https://luxtronics.luxtronics.in/wp-content/uploads/2026/05/EDA005868701A.jpg","GaN Chargers","","Features: 1. Retractable charging cable, invisible storage 2. Modular concept, free reorganization, call at any time 3. 35W high power, widely compatible...","https://luxtronics.in/product/smartphones-usams-us-cc204-smf-series-48511","","usams us-cc204 smf series pd35w dual type-c port gan fast charger, uk, eda0058687, smartphones, luxtronics, online shopping"
"USAMS US-CC209 SMF Series PD35W 8 Pin + Type-C Dual Port GaN Fast","https://luxtronics.luxtronics.in/wp-content/uploads/2026/05/EDA005869101A.jpg","GaN Chargers","","Features: 1. Retractable charging cable, invisible storage 2. Modular concept, free reorganization, call at any time 3. 35W high power, widely compatible...","https://luxtronics.in/product/smartphones-usams-us-cc209-smf-series-48524","","usams us-cc209 smf series pd35w 8 pin + type-c dual port gan fast, eda0058691, smartphones, luxtronics, online shopping"
"USAMS US-CC202 SMF Series PD35W Dual Type-C Port GaN Fast Charger, EU","https://luxtronics.luxtronics.in/wp-content/uploads/2026/05/EDA005868401A.jpg","GaN Chargers","","Features: 1. Retractable charging cable, invisible storage 2. Modular concept, free reorganization, call at any time 3. 35W high power, widely compatible...","https://luxtronics.in/product/smartphones-usams-us-cc202-smf-series-48487","","usams us-cc202 smf series pd35w dual type-c port gan fast charger, eu, eda0058684, smartphones, luxtronics, online shopping"
"RELIFE RL-304R 5-Port 260W GaN Smart USB Fast Charger With 15W Wireless","https://luxtronics.luxtronics.in/wp-content/uploads/2026/05/TBD0604668601A.jpg","GaN Chargers","","1. RL-304R multi-port gallium nitride charger, 260W high power/intelligent power distribution/5+1 multi-device efficient charging/new temperature control...","https://luxtronics.in/product/smartphones-relife-rl-304r-port-260w-49569","","relife rl-304r 5-port 260w gan smart usb fast charger with 15w wireless, tbd06046686, smartphones, luxtronics, online shopping"
"WLX-810C 140W GaN PD Multi-port Charger, Support Wireless Fast Charging","https://luxtronics.luxtronics.in/wp-content/uploads/2026/05/EDA006335401A.jpg","GaN Chargers","","1. Small size, light weight, does not occupy storage space, easy to carry. 2. The material is composed of gallium nitride, which is resistant to high...","https://luxtronics.in/product/smartphones-wlx-810c-140w-gan-pd-49518","","wlx-810c 140w gan pd multi-port charger, support wireless fast charging, eda0063354, smartphones, luxtronics, online shopping"
"JOYROOM JR-TCM02 6 in 1 65W GaN 4 USB-C and 2 USB-A Multi-port Charger","https://luxtronics.luxtronics.in/wp-content/uploads/2026/05/EDA006338401A.jpg","GaN Chargers","","Features: 1. High-Speed USB-C Charging: Charge USB-C notebooks at high-speed via the 65W USB-C port 2. Charge 6 Devices Simultaneously: With four USB-C...","https://luxtronics.in/product/smartphones-joyroom-jr-tcm02-in-65w-49529","","joyroom jr-tcm02 6 in 1 65w gan 4 usb-c and 2 usb-a multi-port charger, eda0063384-1, smartphones, luxtronics, online shopping"
"Yesido YC58 100W 2Type-C+USB Ports with 1 Socket Desktop GaN Charger","https://luxtronics.luxtronics.in/wp-content/uploads/2026/05/EDA006304101A.jpg","GaN Chargers","","1. Material: PC fire retardant material 2. Power: 100W 3. Input: AC100-240V, 50/60Hz, 3A 4. Type-C output: 5V/3A, 9V/3A, 12V/3A, 15V/3A, 20V/5A 5. USB...","https://luxtronics.in/product/chargers-cables-yesido-yc58-100w-2type-usb-49428","","yesido yc58 100w 2type-c+usb ports with 1 socket desktop gan charger, eda0063041, chargers & cables, chargers-cables, luxtronics, online shopping"
"Yesido YC77 100W 2Type-C+USB Ports with 1 Socket Desktop GaN Charger","https://luxtronics.luxtronics.in/wp-content/uploads/2026/05/EDA006304201A.jpg","GaN Chargers","","1. Material: PC fire retardant material 2. Power: 100W 3. Input: AC100-240V, 50/60Hz, 3A 4. Type-C output: 5V/3A, 9V/3A, 12V/3A, 15V/3A, 20V/5A 5. USB...","https://luxtronics.in/product/chargers-cables-yesido-yc77-100w-2type-usb-49438","","yesido yc77 100w 2type-c+usb ports with 1 socket desktop gan charger, eda0063042, chargers & cables, chargers-cables, luxtronics, online shopping"
"WK WP-U156 Pioneer Series 65W USB+Dual USB-C/Type-C GaN Charger, WP-U156","https://luxtronics.luxtronics.in/wp-content/uploads/2026/05/EDA005751701A.jpg","GaN Chargers","","1. Material: PC 2. Output port type: Type-Cx2, USBx1 3. Input voltage: 100-240V, 50/60Hz, 1.5A 4. Output current: total output 65W, USB: 5V/3A, 5V/4.5A,...","https://luxtronics.in/product/smartphones-wk-wp-u156-pioneer-series-48199","","wk wp-u156 pioneer series 65w usb+dual usb-c/type-c gan charger, wp-u156, eda0057517, smartphones, luxtronics, online shopping"
"WK WP-U01 Mecha Series Energy Bar 65W Gallium Nitride Dual USB-C","https://luxtronics.luxtronics.in/wp-content/uploads/2026/05/EDA005318801A.jpg","GaN Chargers","","1. Energy bar design, unique shape. 2. The appearance is sprayed with oil, and the handle feels better. 3. Built-in GaN chip, the temperature is lower and...","https://luxtronics.in/product/smartphones-wk-wp-u01-mecha-series-47899","","wk wp-u01 mecha series energy bar 65w gallium nitride dual usb-c /, eda0053188, smartphones, luxtronics, online shopping"
"65W Dual PD USB-C / Type-C + USB 3-Port Gan Fast Charging Charger, US","https://luxtronics.luxtronics.in/wp-content/uploads/2026/05/EDA004502001A.jpg","GaN Chargers","","1. Material: PC flame-retardant 2. Total output: 65W max 3. Type-C 1 output: DC5V-3A, 9V-3A, 12V-3A, 15V-3A, 20V-3.25A max 4. Type-C 2 output: DC5V-3A,...","https://luxtronics.in/product/smartphones-65w-dual-pd-usb-45288","","65w dual pd usb-c / type-c + usb 3-port gan fast charging charger, us, eda0045020-1, smartphones, luxtronics, online shopping"
"ROCK T88 Sugar Series PD33W Single Type-C Port GaN Charger, CN Plug","https://luxtronics.luxtronics.in/wp-content/uploads/2026/05/EDA005240301B.jpg","GaN Chargers","","1. Material: Flame retardant PC 2. Input: 100-240V, 50/60Hz, 0.8A max 3. Output: 5V 3A, 9V 3A, 12V 2.5A, 15V 2A, 20V 1.5A 4. Small size, easy to carry. 5....","https://luxtronics.in/product/smartphones-rock-t88-sugar-series-pd33w-47837","","rock t88 sugar series pd33w single type-c port gan charger, cn plug, eda0052403, smartphones, luxtronics, online shopping"
"868H 6 in 1 160W 3 PD Type-C + 2 QC3.0 USB Ports Multi Ports Charger","https://luxtronics.luxtronics.in/wp-content/uploads/2026/05/EDA004292901B.jpg","GaN Chargers","","1. Using semiconductor GaN technology, safe and fast charging, small size 2. 160W high power, can charge six devices at the same time 3. Including 2 x...","https://luxtronics.in/product/laptops-868h-in-160w-pd-type-45183","","868h 6 in 1 160w 3 pd type-c + 2 qc3.0 usb ports multi ports charger, eda0042929, laptops, luxtronics, online shopping"
"A3B 65W Output USB-C / Type-C x 2 + USB HUB PD Charger, US Plug","https://luxtronics.luxtronics.in/wp-content/uploads/2026/05/IP8G9702.jpg","GaN Chargers","","1. GaN gallium nitride is a new semiconductor material with low heat generation, fast heat dissipation and high thermal conductivity. 2. Compatible with...","https://luxtronics.in/product/smartphones-a3b-65w-output-usb-47776","","a3b 65w output usb-c / type-c x 2 + usb hub pd charger, us plug, ip8g9702, smartphones, luxtronics, online shopping"
"Original Xiaomi 67W GaN 1C+1A Dual Port Smart Fast Charger, US Plug","https://luxtronics.luxtronics.in/wp-content/uploads/2026/05/TBD0603868501A.jpg","GaN Chargers","","1. Input parameters: 100-240V~ , 50/60Hz, 2.0A 2. Single port output: (USB-A/C): 5V=3A/9V=3A/11V=6.1A MAX/20V=3.25A 3. Dual port output: (USB-A):... Explore","https://luxtronics.in/product/smartphones-original-xiaomi-67w-gan-1c-47480","","original xiaomi 67w gan 1c+1a dual port smart fast charger, us plug, tbd06038685, smartphones, luxtronics, online shopping"
"GaN PD65W Type-C x 2 + USB3.0 Charger with Type-C to Type-C Data Cable SYA0022579","https://luxtronics.luxtronics.in/wp-content/uploads/2026/05/SYA002257901A.jpg","GaN Chargers","","1. Input: AC100-240V, 50/60Hz, 1A Max. 2. Total power: GaN65W. 3. Single port output: USB-C1: 5V/3A, 9V/3A, 12V/3A, 15V/3A, 20V/3.25A (65WMax) USB-C2:...","https://luxtronics.in/product/smartphones-gan-pd65w-type-usb3-47219","","gan pd65w type-c x 2 + usb3.0 charger with type-c to type-c data cable, sya0022579, smartphones, luxtronics, online shopping"
"GaN PD48W Type-C PD3.0 + USB3.0 Fast Charger US Plug, US Plug","https://luxtronics.luxtronics.in/wp-content/uploads/2026/05/SYA002264601A.jpg","GaN Chargers","","1. Input: AC100-240V, 50/60Hz, 1A Max. 2. Actual parameter: GaN48W. 3. Single port output: USB-C: 5V/3A, 9V/3A, 12V/3A, 15V/3A, 20V/2.25A (45WMax) USB-A:...","https://luxtronics.in/product/smartphones-gan-pd48w-type-pd3-usb3-47233","","gan pd48w type-c pd3.0 + usb3.0 fast charger us plug, us plug, sya0022646, smartphones, luxtronics, online shopping"
"A502 65W USB-C/Type-C+USB Dual Port GaN Charger QC3.0 Laptop Universal","https://luxtronics.luxtronics.in/wp-content/uploads/2026/05/TBD0603826501.jpg","GaN Chargers","","1. Product Compatibility: Compatible with most laptops, smart phones and other digital products on the market 2. IC scheme control, stable output, high...","https://luxtronics.in/product/smartphones-a502-65w-usb-type-47315","","a502 65w usb-c/type-c+usb dual port gan charger qc3.0 laptop universal, tbd06038265-1, smartphones, luxtronics, online shopping"
"GaN PD48W Type-C PD3.0 + USB3.0 Notebook Adapter UK Plug, UK Plug","https://luxtronics.luxtronics.in/wp-content/uploads/2026/05/SYA002264801A.jpg","GaN Chargers","","1. Input: AC100-240V, 50/60Hz, 1A Max. 2. Actual parameter: GaN48W. 3. Single port output: USB-C: 5V/3A, 9V/3A, 12V/3A, 15V/3A, 20V/2.25A (45WMax) USB-A:...","https://luxtronics.in/product/smartphones-gan-pd48w-type-pd3-usb3-47335","","gan pd48w type-c pd3.0 + usb3.0 notebook adapter uk plug, uk plug, sya0022648, smartphones, luxtronics, online shopping"
"GaN PD65W Type-C x 2 + USB3.0 Charger with Type-C to Type-C Data Cable SYA0022577","https://luxtronics.luxtronics.in/wp-content/uploads/2026/05/SYA002257701A.jpg","GaN Chargers","","1. Input: AC100-240V, 50/60Hz, 1A Max. 2. Total power: GaN65W. 3. Single port output: USB-C1: 5V/3A, 9V/3A, 12V/3A, 15V/3A, 20V/3.25A (65WMax) USB-C2:...","https://luxtronics.in/product/smartphones-gan-pd65w-type-usb3-47190","","gan pd65w type-c x 2 + usb3.0 charger with type-c to type-c data cable, sya0022577, smartphones, luxtronics, online shopping"
"GaN PD65W Type-C x 2 + USB3.0 Charger with Type-C to Type-C Data Cable SYA0022578","https://luxtronics.luxtronics.in/wp-content/uploads/2026/05/SYA002257801A.jpg","GaN Chargers","","1. Input: AC100-240V, 50/60Hz, 1A Max. 2. Total power: GaN65W. 3. Single port output: USB-C1: 5V/3A, 9V/3A, 12V/3A, 15V/3A, 20V/3.25A (65WMax) USB-C2:...","https://luxtronics.in/product/smartphones-gan-pd65w-type-usb3-47205","","gan pd65w type-c x 2 + usb3.0 charger with type-c to type-c data cable, sya0022578, smartphones, luxtronics, online shopping"
"NORTHJO NOGAN3502 GaN PD PPS 35W Dual USB-C / Type-CWall Fast Charger","https://luxtronics.luxtronics.in/wp-content/uploads/2026/05/SYA002169501A.jpg","GaN Chargers","","1. Power: 35W total 2. Material: PC 3. lnput: AC110-240V, 50/60Hz, 0.85A max 4. USB-C1 Output: 5V3A/9V-3A/12V-2.92A/15V-2.33A/20V-1.75A 5. USB-C2 Output:...","https://luxtronics.in/product/chargers-cables-northjo-nogan3502-gan-pd-pps-47107","","northjo nogan3502 gan pd pps 35w dual usb-c / type-cwall fast charger, sya0021695, chargers & cables, chargers-cables, luxtronics, online shopping"
"awei PD9 65W GaN Fast Charging Travel Charger, EU Plug","https://luxtronics.luxtronics.in/wp-content/uploads/2026/05/EDA003011601A.jpg","GaN Chargers","","1. Material: PC+ABS 2. Input: AC 100-240V 50/60Hz 1.5A 3. Output: 65W 4. GaN new technology fast charging 65W high-power fast charging, higher power,...","https://luxtronics.in/product/smartphones-awei-pd9-65w-gan-fast-44578","","awei pd9 65w gan fast charging travel charger, eu plug, eda0030116, smartphones, luxtronics, online shopping"
"REMAX RP-U55 Territory Series 65W USB+Dual USB-C / Type-C Interface EDA0034645","https://luxtronics.luxtronics.in/wp-content/uploads/2026/05/EDA003464501A.jpg","GaN Chargers","","1. Three ports can be charged at the same time. 2. Built-in super GaN power MOS, high efficiency. 3. Multi-fast charging protocol, which can charge...","https://luxtronics.in/product/smartphones-remax-rp-u55-territory-series-44774","","remax rp-u55 territory series 65w usb+dual usb-c / type-c interface, eda0034645, smartphones, luxtronics, online shopping"
"REMAX RP-U55 Territory Series 65W USB+Dual USB-C / Type-C Interface EDA0034646","https://luxtronics.luxtronics.in/wp-content/uploads/2026/05/EDA003464601A.jpg","GaN Chargers","","1. Three ports can be charged at the same time. 2. Built-in super GaN power MOS, high efficiency. 3. Multi-fast charging protocol, which can charge...","https://luxtronics.in/product/smartphones-remax-rp-u55-territory-series-44788","","remax rp-u55 territory series 65w usb+dual usb-c / type-c interface, eda0034646, smartphones, luxtronics, online shopping"
"GaN PD65W Type-C x 2 + USB3.0 Laptop Adapter for Apple MacBook Series SYA0022573","https://luxtronics.luxtronics.in/wp-content/uploads/2026/05/SYA002257301A.jpg","GaN Chargers","","1. Input: AC100-240V, 50/60Hz, 1A Max. 2. Total power: GaN65W. 3. Single port output: USB-C1: 5V/3A, 9V/3A, 12V/3A, 15V/3A, 20V/3.25A (65WMax) USB-C2:...","https://luxtronics.in/product/smartphones-gan-pd65w-type-usb3-laptop-42879","","gan pd65w type-c x 2 + usb3.0 laptop adapter for apple macbook series, sya0022573, smartphones, luxtronics, online shopping"
"GaN PD65W Type-C x 2 + USB3.0 Laptop Adapter for Apple MacBook Series SYA0022574","https://luxtronics.luxtronics.in/wp-content/uploads/2026/05/SYA002257401A.jpg","GaN Chargers","","1. Input: AC100-240V, 50/60Hz, 1A Max. 2. Total power: GaN65W. 3. Single port output: USB-C1: 5V/3A, 9V/3A, 12V/3A, 15V/3A, 20V/3.25A (65WMax) USB-C2:...","https://luxtronics.in/product/smartphones-gan-pd65w-type-usb3-laptop-42893","","gan pd65w type-c x 2 + usb3.0 laptop adapter for apple macbook series, sya0022574, smartphones, luxtronics, online shopping"
"GaN PD65W Type-C x 2 + USB3.0 Laptop Adapter for Apple MacBook Series SYA0022575","https://luxtronics.luxtronics.in/wp-content/uploads/2026/05/SYA002257501A.jpg","GaN Chargers","","1. Input: AC100-240V, 50/60Hz, 1A Max. 2. Total power: GaN65W. 3. Single port output: USB-C1: 5V/3A, 9V/3A, 12V/3A, 15V/3A, 20V/3.25A (65WMax) USB-C2:...","https://luxtronics.in/product/smartphones-gan-pd65w-type-usb3-laptop-42907","","gan pd65w type-c x 2 + usb3.0 laptop adapter for apple macbook series, sya0022575, smartphones, luxtronics, online shopping"
"WK WP-U141 67W USB+Double USB-C / Type-C GaN Charger, CN Plug","https://luxtronics.luxtronics.in/wp-content/uploads/2026/05/EDA004828101A.jpg","GaN Chargers","","1. Material: PC 2. Charging interface: Type-Cx2, USBx1 3. Input current and voltage: 110-240V, 50/60Hz, 1.7A 4. Output current and voltage: Total output:...","https://luxtronics.in/product/smartphones-wk-wp-u141-67w-usb-42712","","wk wp-u141 67w usb+double usb-c / type-c gan charger, cn plug, eda0048281, smartphones, luxtronics, online shopping"
"REMAX RP-U50 GaN 65W PD + QC 3.0 Type-C+ USB Port Fast Charger (US)","https://luxtronics.luxtronics.in/wp-content/uploads/2026/05/IP8G0672W.jpg","GaN Chargers","","1. Folding pins are light and portable. 2. The surface is sprayed with UV for wear resistance and no scratches. 3. USB-C PD3.0 supports Apple PD/Huawei...","https://luxtronics.in/product/chargers-cables-remax-rp-u50-gan-65w-37386","","remax rp-u50 gan 65w pd + qc 3.0 type-c+ usb port fast charger (us), ip8g0672, chargers & cables, chargers-cables, luxtronics, online shopping"
